[{"admin":"ilunga mulenda elie","action":"Ajout d'un ouvrier","ouvrier":{"postNom":"kasongo","matricule":"kk100","salaire":1200,"type":"Plombier","nom":"kasongo","prenom":"ben"},"timestamp":"2025-04-21 10:08:56"},{"admin":"ILUNGA MULENDA ELIE","action":"Ajout d'un ouvrier","ouvrier":{"postNom":"FATAKI","matricule":"22FD2","salaire":2000,"type":"Macon","nom":"IUNGA","prenom":"FTK"},"timestamp":"2025-04-21 12:59:38"}]
[{"admin":"ilunga mulenda elie","action":"Ajout d'un ouvrier","ouvrier":{"postNom":"kasongo","matricule":"kk100","salaire":1200,"type":"Plombier","nom":"kasongo","prenom":"ben"},"timestamp":"2025-04-21 10:08:56"},{"admin":"ILUNGA MULENDA ELIE","action":"Ajout d'un ouvrier","ouvrier":{"postNom":"FATAKI","matricule":"22FD2","salaire":2000,"type":"Macon","nom":"IUNGA","prenom":"FTK"},"timestamp":"2025-04-21 12:59:38"}]